"year_month","monthly_sales","monthly_orders"
"2010-12","572713.89","1400"
"2011-01","569445.04","987"
"2011-02","447137.35","997"
"2011-03","595500.76","1321"
"2011-04","469200.361","1149"
"2011-05","678594.56","1555"
"2011-06","661213.6900000001","1393"
"2011-07","600091.011","1331"
"2011-08","645343.9","1280"
"2011-09","952838.382","1755"
"2011-10","1039318.79","1929"
"2011-11","1161817.3800000001","2657"
"2011-12","518192.79000000004","778"
